program_day,week,action,owner_role,working_asset,prerequisite,completion_evidence,execution_status,actual_date,evidence_url_or_note
1,1,Set campaign start date and named owners; capture deployment version and baseline coverage; verify enquiry-success tracking,SEO + analytics owner,README.md; source-status.md,Read access and consistent filters,Named owners plus observed success-event name/date and baseline export references,scheduled_not_executed,,
2,1,Check sources and linked workflow for free-ai-appointment-scheduling-tools; review marketing routes 1-3 from inventory,Content editor + engineer,inventory.csv,Final article draft and current implementation,Review references recorded per route; unresolved claims stay pending,scheduled_not_executed,,
3,1,Publish or verify deployed revision of /blog/free-ai-appointment-scheduling-tools; check canonical robots references and related commercial links,Web + content owner,keyword-map.csv,Destination evidence review passed and publication authorized,Live URL plus verified rendered metadata and actual release date,scheduled_not_executed,,
4,1,Prepare/use owned-channel post 01; evaluate distribution opportunities 01-02,Marketing / outreach owner,promotional-drafts.md; distribution-opportunities.csv,Article live; account and explicit sending authorization; channel rules met,Actual post/submission URLs or documented reason held; no invented outreach status,scheduled_not_executed,,
5,1,Review backlog blog batch 1-6; record retain/rewrite/consolidate/archive decisions,Content editor,inventory.csv,Current sources for each claim; retain noindex pending review,Up to six individual rows with decision and evidence,scheduled_not_executed,,
6,1,Review backlog blog batch 7-12 and scenario batch 1-5; dry-run cost worksheet with approved internal inputs,Content editor + customer evidence owner,inventory.csv; customer-story-templates.md; cost-estimation.csv,No scenario promoted to proof without real evidence,Individual decisions and customer evidence blockers recorded,scheduled_not_executed,,
7,1,Hold content/sales review; inspect replies only from authorized outreach; improve next week based on objections and failures,Marketing + sales + product owner,README.md,Actual observations; no reply or result invented,Decision notes and owner for next action,scheduled_not_executed,,
8,2,Review previous complete week GSC pages/queries and GA source-medium plus verified enquiry events; reconcile lead quality,SEO + analytics owner,source-status.md,Read access and consistent filters,Dated weekly snapshot with counts coverage caveats and one prioritized action,scheduled_not_executed,,
9,2,Check sources and linked workflow for best-ai-voice-agent-platforms-2026; review marketing routes 4-6 from inventory,Content editor + engineer,inventory.csv,Final article draft and current implementation,Review references recorded per route; unresolved claims stay pending,scheduled_not_executed,,
10,2,Publish or verify deployed revision of /blog/best-ai-voice-agent-platforms-2026; check canonical robots references and related commercial links,Web + content owner,keyword-map.csv,Destination evidence review passed and publication authorized,Live URL plus verified rendered metadata and actual release date,scheduled_not_executed,,
11,2,Prepare/use owned-channel post 02; evaluate distribution opportunities 03-04,Marketing / outreach owner,promotional-drafts.md; distribution-opportunities.csv,Article live; account and explicit sending authorization; channel rules met,Actual post/submission URLs or documented reason held; no invented outreach status,scheduled_not_executed,,
12,2,Review backlog blog batch 13-18; record retain/rewrite/consolidate/archive decisions,Content editor,inventory.csv,Current sources for each claim; retain noindex pending review,Up to six individual rows with decision and evidence,scheduled_not_executed,,
13,2,Review backlog blog batch 19-24 and scenario batch 6-10; rehearse walkthrough using synthetic data,Content editor + customer evidence owner,inventory.csv; customer-story-templates.md; walkthrough-script.md,No scenario promoted to proof without real evidence,Individual decisions and customer evidence blockers recorded,scheduled_not_executed,,
14,2,Hold content/sales review; inspect replies only from authorized outreach; improve next week based on objections and failures,Marketing + sales + product owner,README.md,Actual observations; no reply or result invented,Decision notes and owner for next action,scheduled_not_executed,,
15,3,Review previous complete week GSC pages/queries and GA source-medium plus verified enquiry events; reconcile lead quality,SEO + analytics owner,source-status.md,Read access and consistent filters,Dated weekly snapshot with counts coverage caveats and one prioritized action,scheduled_not_executed,,
16,3,Check sources and linked workflow for ai-appointment-scheduling-guide; review marketing routes 7-9 from inventory,Content editor + engineer,inventory.csv,Final article draft and current implementation,Review references recorded per route; unresolved claims stay pending,scheduled_not_executed,,
17,3,Publish or verify deployed revision of /blog/ai-appointment-scheduling-guide; check canonical robots references and related commercial links,Web + content owner,keyword-map.csv,Destination evidence review passed and publication authorized,Live URL plus verified rendered metadata and actual release date,scheduled_not_executed,,
18,3,Prepare/use owned-channel post 03; evaluate distribution opportunities 05-06,Marketing / outreach owner,promotional-drafts.md; distribution-opportunities.csv,Article live; account and explicit sending authorization; channel rules met,Actual post/submission URLs or documented reason held; no invented outreach status,scheduled_not_executed,,
19,3,Review backlog blog batch 25-30; record retain/rewrite/consolidate/archive decisions,Content editor,inventory.csv,Current sources for each claim; retain noindex pending review,Up to six individual rows with decision and evidence,scheduled_not_executed,,
20,3,Review backlog blog batch 31-36 and scenario batch 11-15; record and review walkthrough only after actual test path works,Content editor + customer evidence owner,inventory.csv; customer-story-templates.md; walkthrough-script.md,No scenario promoted to proof without real evidence,Individual decisions and customer evidence blockers recorded,scheduled_not_executed,,
21,3,Hold content/sales review; inspect replies only from authorized outreach; improve next week based on objections and failures,Marketing + sales + product owner,README.md,Actual observations; no reply or result invented,Decision notes and owner for next action,scheduled_not_executed,,
22,4,Review previous complete week GSC pages/queries and GA source-medium plus verified enquiry events; reconcile lead quality,SEO + analytics owner,source-status.md,Read access and consistent filters,Dated weekly snapshot with counts coverage caveats and one prioritized action,scheduled_not_executed,,
23,4,Check sources and linked workflow for ai-phone-answering-service-small-business; review marketing routes 10-12 from inventory,Content editor + engineer,inventory.csv,Final article draft and current implementation,Review references recorded per route; unresolved claims stay pending,scheduled_not_executed,,
24,4,Publish or verify deployed revision of /blog/ai-phone-answering-service-small-business; check canonical robots references and related commercial links,Web + content owner,keyword-map.csv,Destination evidence review passed and publication authorized,Live URL plus verified rendered metadata and actual release date,scheduled_not_executed,,
25,4,Prepare/use owned-channel post 04; evaluate distribution opportunities 07-08,Marketing / outreach owner,promotional-drafts.md; distribution-opportunities.csv,Article live; account and explicit sending authorization; channel rules met,Actual post/submission URLs or documented reason held; no invented outreach status,scheduled_not_executed,,
26,4,Review backlog blog batch 37-42; record retain/rewrite/consolidate/archive decisions,Content editor,inventory.csv,Current sources for each claim; retain noindex pending review,Up to six individual rows with decision and evidence,scheduled_not_executed,,
27,4,Review backlog blog batch 43-48 and scenario batch 16-20; review opt-in source and final nurture attachments without sending,Content editor + customer evidence owner,inventory.csv; customer-story-templates.md; nurture-drafts.md,No scenario promoted to proof without real evidence,Individual decisions and customer evidence blockers recorded,scheduled_not_executed,,
28,4,Hold content/sales review; inspect replies only from authorized outreach; improve next week based on objections and failures,Marketing + sales + product owner,README.md,Actual observations; no reply or result invented,Decision notes and owner for next action,scheduled_not_executed,,
29,5,Review previous complete week GSC pages/queries and GA source-medium plus verified enquiry events; reconcile lead quality,SEO + analytics owner,source-status.md,Read access and consistent filters,Dated weekly snapshot with counts coverage caveats and one prioritized action,scheduled_not_executed,,
30,5,Day 30 outcome review: compare complete periods; assess enquiries qualified opportunities reviewed inventory distribution and story blockers,Marketing + analytics + sales lead,README.md; inventory.csv; distribution-opportunities.csv,Comparable date windows and verified event definitions,Dated report with raw counts rates coverage and next-month decisions,scheduled_not_executed,,
31,5,Publish or verify deployed revision of /blog/automated-appointment-reminders-guide; check canonical robots references and related commercial links,Web + content owner,keyword-map.csv,Destination evidence review passed and publication authorized,Live URL plus verified rendered metadata and actual release date,scheduled_not_executed,,
32,5,Prepare/use owned-channel post 05; evaluate distribution opportunities 09-10,Marketing / outreach owner,promotional-drafts.md; distribution-opportunities.csv,Article live; account and explicit sending authorization; channel rules met,Actual post/submission URLs or documented reason held; no invented outreach status,scheduled_not_executed,,
33,5,Review backlog blog batch 49-54; record retain/rewrite/consolidate/archive decisions,Content editor,inventory.csv,Current sources for each claim; retain noindex pending review,Up to six individual rows with decision and evidence,scheduled_not_executed,,
34,5,Review backlog blog batch 55-60 and scenario batch 21-25,Content editor + customer evidence owner,inventory.csv; customer-story-templates.md,No scenario promoted to proof without real evidence,Individual decisions and customer evidence blockers recorded,scheduled_not_executed,,
35,5,Hold content/sales review; inspect replies only from authorized outreach; improve next week based on objections and failures,Marketing + sales + product owner,README.md,Actual observations; no reply or result invented,Decision notes and owner for next action,scheduled_not_executed,,
36,6,Review previous complete week GSC pages/queries and GA source-medium plus verified enquiry events; reconcile lead quality,SEO + analytics owner,source-status.md,Read access and consistent filters,Dated weekly snapshot with counts coverage caveats and one prioritized action,scheduled_not_executed,,
37,6,Check sources and linked workflow for ai-voice-agents-reduce-customer-support-costs; review marketing routes 16-18 from inventory,Content editor + engineer,inventory.csv,Final article draft and current implementation,Review references recorded per route; unresolved claims stay pending,scheduled_not_executed,,
38,6,Publish or verify deployed revision of /blog/ai-voice-agents-reduce-customer-support-costs; check canonical robots references and related commercial links,Web + content owner,keyword-map.csv,Destination evidence review passed and publication authorized,Live URL plus verified rendered metadata and actual release date,scheduled_not_executed,,
39,6,Prepare/use owned-channel post 06; evaluate distribution opportunities 11-12,Marketing / outreach owner,promotional-drafts.md; distribution-opportunities.csv,Article live; account and explicit sending authorization; channel rules met,Actual post/submission URLs or documented reason held; no invented outreach status,scheduled_not_executed,,
40,6,Review backlog blog batch 61-66; record retain/rewrite/consolidate/archive decisions,Content editor,inventory.csv,Current sources for each claim; retain noindex pending review,Up to six individual rows with decision and evidence,scheduled_not_executed,,
41,6,Review backlog blog batch 67-72 and scenario batch 26-30,Content editor + customer evidence owner,inventory.csv; customer-story-templates.md,No scenario promoted to proof without real evidence,Individual decisions and customer evidence blockers recorded,scheduled_not_executed,,
42,6,Hold content/sales review; inspect replies only from authorized outreach; improve next week based on objections and failures,Marketing + sales + product owner,README.md,Actual observations; no reply or result invented,Decision notes and owner for next action,scheduled_not_executed,,
43,7,Review previous complete week GSC pages/queries and GA source-medium plus verified enquiry events; reconcile lead quality,SEO + analytics owner,source-status.md,Read access and consistent filters,Dated weekly snapshot with counts coverage caveats and one prioritized action,scheduled_not_executed,,
44,7,Check sources and linked workflow for ai-voice-agents-b2b-lead-qualification; review marketing routes 19-21 from inventory,Content editor + engineer,inventory.csv,Final article draft and current implementation,Review references recorded per route; unresolved claims stay pending,scheduled_not_executed,,
45,7,Publish or verify deployed revision of /blog/ai-voice-agents-b2b-lead-qualification; check canonical robots references and related commercial links,Web + content owner,keyword-map.csv,Destination evidence review passed and publication authorized,Live URL plus verified rendered metadata and actual release date,scheduled_not_executed,,
46,7,Prepare/use owned-channel post 07; evaluate distribution opportunities 13-14,Marketing / outreach owner,promotional-drafts.md; distribution-opportunities.csv,Article live; account and explicit sending authorization; channel rules met,Actual post/submission URLs or documented reason held; no invented outreach status,scheduled_not_executed,,
47,7,Review backlog blog batch 73-78; record retain/rewrite/consolidate/archive decisions,Content editor,inventory.csv,Current sources for each claim; retain noindex pending review,Up to six individual rows with decision and evidence,scheduled_not_executed,,
48,7,Review remaining scenario batch31-33; reconcile the completed78-blog decision list; progress a customer-story evidence request only if authorized,Content editor + customer evidence owner,inventory.csv; customer-story-templates.md,No scenario promoted to proof without real evidence,33 scenario decisions and78 backlog-blog decisions recorded; any evidence request remains unsent unless authorized,scheduled_not_executed,,
49,7,Hold content/sales review; inspect replies only from authorized outreach; improve next week based on objections and failures,Marketing + sales + product owner,README.md,Actual observations; no reply or result invented,Decision notes and owner for next action,scheduled_not_executed,,
50,8,Review previous complete week GSC pages/queries and GA source-medium plus verified enquiry events; reconcile lead quality,SEO + analytics owner,source-status.md,Read access and consistent filters,Dated weekly snapshot with counts coverage caveats and one prioritized action,scheduled_not_executed,,
51,8,Check sources and linked workflow for ai-voice-agents-property-management; review marketing routes 22-24 from inventory,Content editor + engineer,inventory.csv,Final article draft and current implementation,Review references recorded per route; unresolved claims stay pending,scheduled_not_executed,,
52,8,Publish or verify deployed revision of /blog/ai-voice-agents-property-management; check canonical robots references and related commercial links,Web + content owner,keyword-map.csv,Destination evidence review passed and publication authorized,Live URL plus verified rendered metadata and actual release date,scheduled_not_executed,,
53,8,Prepare/use owned-channel post 08; evaluate distribution opportunities 15-16,Marketing / outreach owner,promotional-drafts.md; distribution-opportunities.csv,Article live; account and explicit sending authorization; channel rules met,Actual post/submission URLs or documented reason held; no invented outreach status,scheduled_not_executed,,
54,8,Implement a previously approved backlog decision and verify its internal links; progress one customer-story evidence request only if authorized,Content editor,inventory.csv,Current sources for each claim; retain noindex pending review,Updated inventory evidence reference or named evidence blocker,scheduled_not_executed,,
55,8,Implement a previously approved backlog decision and verify its internal links; progress one customer-story evidence request only if authorized,Content editor + customer evidence owner,inventory.csv; customer-story-templates.md,No scenario promoted to proof without real evidence,Updated inventory evidence reference or named evidence blocker,scheduled_not_executed,,
56,8,Hold content/sales review; inspect replies only from authorized outreach; improve next week based on objections and failures,Marketing + sales + product owner,README.md,Actual observations; no reply or result invented,Decision notes and owner for next action,scheduled_not_executed,,
57,9,Review previous complete week GSC pages/queries and GA source-medium plus verified enquiry events; reconcile lead quality,SEO + analytics owner,source-status.md,Read access and consistent filters,Dated weekly snapshot with counts coverage caveats and one prioritized action,scheduled_not_executed,,
58,9,Check sources and linked workflow for build-ai-voice-agent-small-business; review marketing routes 25-27 from inventory,Content editor + engineer,inventory.csv,Final article draft and current implementation,Review references recorded per route; unresolved claims stay pending,scheduled_not_executed,,
59,9,Publish or verify deployed revision of /blog/build-ai-voice-agent-small-business; check canonical robots references and related commercial links,Web + content owner,keyword-map.csv,Destination evidence review passed and publication authorized,Live URL plus verified rendered metadata and actual release date,scheduled_not_executed,,
60,9,Day 60 outcome review: compare complete periods; assess enquiries qualified opportunities reviewed inventory distribution and story blockers,Marketing + analytics + sales lead,README.md; inventory.csv; distribution-opportunities.csv,Comparable date windows and verified event definitions,Dated report with raw counts rates coverage and next-month decisions,scheduled_not_executed,,
61,9,Implement a previously approved backlog decision and verify its internal links; progress one customer-story evidence request only if authorized,Content editor,inventory.csv,Current sources for each claim; retain noindex pending review,Updated inventory evidence reference or named evidence blocker,scheduled_not_executed,,
62,9,Implement a previously approved backlog decision and verify its internal links; progress one customer-story evidence request only if authorized,Content editor + customer evidence owner,inventory.csv; customer-story-templates.md,No scenario promoted to proof without real evidence,Updated inventory evidence reference or named evidence blocker,scheduled_not_executed,,
63,9,Hold content/sales review; inspect replies only from authorized outreach; improve next week based on objections and failures,Marketing + sales + product owner,README.md,Actual observations; no reply or result invented,Decision notes and owner for next action,scheduled_not_executed,,
64,10,Review previous complete week GSC pages/queries and GA source-medium plus verified enquiry events; reconcile lead quality,SEO + analytics owner,source-status.md,Read access and consistent filters,Dated weekly snapshot with counts coverage caveats and one prioritized action,scheduled_not_executed,,
65,10,Check sources and linked workflow for ai-voice-agent-security-data-privacy; review marketing routes 28-30 from inventory,Content editor + engineer,inventory.csv,Final article draft and current implementation,Review references recorded per route; unresolved claims stay pending,scheduled_not_executed,,
66,10,Publish or verify deployed revision of /blog/ai-voice-agent-security-data-privacy; check canonical robots references and related commercial links,Web + content owner,keyword-map.csv,Destination evidence review passed and publication authorized,Live URL plus verified rendered metadata and actual release date,scheduled_not_executed,,
67,10,Prepare/use owned-channel post 10; evaluate distribution opportunities 19-20,Marketing / outreach owner,promotional-drafts.md; distribution-opportunities.csv,Article live; account and explicit sending authorization; channel rules met,Actual post/submission URLs or documented reason held; no invented outreach status,scheduled_not_executed,,
68,10,Implement a previously approved backlog decision and verify its internal links; progress one customer-story evidence request only if authorized,Content editor,inventory.csv,Current sources for each claim; retain noindex pending review,Updated inventory evidence reference or named evidence blocker,scheduled_not_executed,,
69,10,Implement a previously approved backlog decision and verify its internal links; progress one customer-story evidence request only if authorized,Content editor + customer evidence owner,inventory.csv; customer-story-templates.md,No scenario promoted to proof without real evidence,Updated inventory evidence reference or named evidence blocker,scheduled_not_executed,,
70,10,Hold content/sales review; inspect replies only from authorized outreach; improve next week based on objections and failures,Marketing + sales + product owner,README.md,Actual observations; no reply or result invented,Decision notes and owner for next action,scheduled_not_executed,,
71,11,Review previous complete week GSC pages/queries and GA source-medium plus verified enquiry events; reconcile lead quality,SEO + analytics owner,source-status.md,Read access and consistent filters,Dated weekly snapshot with counts coverage caveats and one prioritized action,scheduled_not_executed,,
72,11,Check sources and linked workflow for retell-ai-alternatives; review marketing routes 31-33 from inventory,Content editor + engineer,inventory.csv,Final article draft and current implementation,Review references recorded per route; unresolved claims stay pending,scheduled_not_executed,,
73,11,Publish or verify deployed revision of /blog/retell-ai-alternatives; check canonical robots references and related commercial links,Web + content owner,keyword-map.csv,Destination evidence review passed and publication authorized,Live URL plus verified rendered metadata and actual release date,scheduled_not_executed,,
74,11,Use owned-channel post 11; follow up only where invited or permitted; record actual distribution outcomes,Marketing / outreach owner,promotional-drafts.md; distribution-opportunities.csv,Article live; account and explicit sending authorization; channel rules met,Actual post/submission URLs or documented reason held; no invented outreach status,scheduled_not_executed,,
75,11,Implement a previously approved backlog decision and verify its internal links; progress one customer-story evidence request only if authorized,Content editor,inventory.csv,Current sources for each claim; retain noindex pending review,Updated inventory evidence reference or named evidence blocker,scheduled_not_executed,,
76,11,Implement a previously approved backlog decision and verify its internal links; progress one customer-story evidence request only if authorized,Content editor + customer evidence owner,inventory.csv; customer-story-templates.md,No scenario promoted to proof without real evidence,Updated inventory evidence reference or named evidence blocker,scheduled_not_executed,,
77,11,Hold content/sales review; inspect replies only from authorized outreach; improve next week based on objections and failures,Marketing + sales + product owner,README.md,Actual observations; no reply or result invented,Decision notes and owner for next action,scheduled_not_executed,,
78,12,Review previous complete week GSC pages/queries and GA source-medium plus verified enquiry events; reconcile lead quality,SEO + analytics owner,source-status.md,Read access and consistent filters,Dated weekly snapshot with counts coverage caveats and one prioritized action,scheduled_not_executed,,
79,12,Check sources and linked workflow for vapi-alternatives; review marketing routes 33-33 from inventory,Content editor + engineer,inventory.csv,Final article draft and current implementation,Review references recorded per route; unresolved claims stay pending,scheduled_not_executed,,
80,12,Publish or verify deployed revision of /blog/vapi-alternatives; check canonical robots references and related commercial links,Web + content owner,keyword-map.csv,Destination evidence review passed and publication authorized,Live URL plus verified rendered metadata and actual release date,scheduled_not_executed,,
81,12,Use owned-channel post 12; follow up only where invited or permitted; record actual distribution outcomes,Marketing / outreach owner,promotional-drafts.md; distribution-opportunities.csv,Article live; account and explicit sending authorization; channel rules met,Actual post/submission URLs or documented reason held; no invented outreach status,scheduled_not_executed,,
82,12,Implement a previously approved backlog decision and verify its internal links; progress one customer-story evidence request only if authorized,Content editor,inventory.csv,Current sources for each claim; retain noindex pending review,Updated inventory evidence reference or named evidence blocker,scheduled_not_executed,,
83,12,Implement a previously approved backlog decision and verify its internal links; progress one customer-story evidence request only if authorized,Content editor + customer evidence owner,inventory.csv; customer-story-templates.md,No scenario promoted to proof without real evidence,Updated inventory evidence reference or named evidence blocker,scheduled_not_executed,,
84,12,Hold content/sales review; inspect replies only from authorized outreach; improve next week based on objections and failures,Marketing + sales + product owner,README.md,Actual observations; no reply or result invented,Decision notes and owner for next action,scheduled_not_executed,,
85,13,Reconcile the full inventory: all90 blogs33 scenarios and current marketing routes need an explicit decision,Program owner,All program files,Actual execution evidence,Dated decision/report with unresolved items retained honestly,scheduled_not_executed,,
86,13,Check all20 distribution statuses against actual submission URLs or documented holds; remove dead opportunities,Program owner,All program files,Actual execution evidence,Dated decision/report with unresolved items retained honestly,scheduled_not_executed,,
87,13,Review the three story briefs with evidence owner; complete only stories with approved sources and permission,Program owner,All program files,Actual execution evidence,Dated decision/report with unresolved items retained honestly,scheduled_not_executed,,
88,13,Verify final buyer-resource links cost assumptions and consent-based nurture setup; update stale sources,Program owner,All program files,Actual execution evidence,Dated decision/report with unresolved items retained honestly,scheduled_not_executed,,
89,13,Prepare Day90 report using complete observation windows; distinguish modelled costs from measured outcomes,Program owner,All program files,Actual execution evidence,Dated decision/report with unresolved items retained honestly,scheduled_not_executed,,
90,13,Deliver Day90 report: business outcomes technical state content decisions distribution results remaining dependencies and next-quarter priorities,Program owner,All program files,Actual execution evidence,Dated decision/report with unresolved items retained honestly,scheduled_not_executed,,
